{"organisation":"VIC_Govt_CSA","name":"csa_family_violence_violence_rate_lga_jun2016_jun2018","title":"VIC CSA - Family Violence - Domestic/Family/Sexual Violence Rate (LGA) June 2016-June 2018","legal":{"copyrightYear":"2018","attributionYear":"2018","attribution":"{datasource.organisationTitle}, ({dataset.attributionYear}): {dataset.title}; accessed from SUDO on {dateOfAccess}.","clickthrough":false,"licenceType":"Creative Commons Attribution 4.0 International (CC BY 4.0)","copyrightNotice":"&copy; {datasource.organisationTitle} {dataset.copyrightYear}"},"referenceSystemIdentifier":"urn:x-ogc:def:crs:EPSG:4283","geoLevel":"lga2011","key":"lga_code11","keyRegex":null,"availability":null,"geomField":"the_geom","keyword":"population,authority,","theme":null,"temporalExtent":null,"type":"dataset","_id":null,"bbox":null,"abstract":"This dataset presents the footprint of the rates of Victorian domestic/family/sexual violence patients retrieved from Ambulance Victoria. The data spans the reference period of June 2016 to June 2018 and is aggregated to 2011 Australian Statistical Geography Standard (ASGS) Local Government Areas (LGA).<br/><br/>\n\nThe Victorian Family Violence Database is a repository for a range of different datasets relating to family violence clients and service use, extracted from the data holdings of a variety of government agencies.<br/><br/>\n\nThe rate of patients per 100,000 population is calculated using the count of events occurring within a LGA and the Estimated Resident Population (ERP) of that LGA. The rate is calculated using the following formula: <i>Rate per 100,000 = (Number of events/ERP count) x 100,000</i>. ERPs are based on populations provided by the Australian Bureau of Statistics (ABS).<br/><br/>\n\nFor further information about this dataset and related statistics, visit the data source:\n<a href=\"https://www.crimestatistics.vic.gov.au/family-violence-data-portal/explanatory-notes-definitions#Ambulance%20Victoria\" target=\"_blank\">Crime Statistics Australia</a>.<br/><br/>\n\nPlease note:\n<ul>\n<li>SUDO has spatially enabled the <a href=\"https://www.crimestatistics.vic.gov.au/family-violence-data-portal/family-violence-data-dashboard/ambulance-victoria\" target=\"_blank\">original data</a>.</li>\n<li>Data concerning family violence and sexual violence cannot easily be disaggregated. The data includes events of sexual violence by a non-familial perpetrator.</li>\n<li>The data used in these data tables count the number of records provided by Ambulance Victoria. This translates to the number of patients (non-unique) who were the subject of an event which involved Ambulance Victoria attendance.</li>\n<li>To maintain confidentiality, person-based counts with a value of 3 or less are given a value of 2 to calculate totals.</li>\n</ul>","selectedAttributes":[{"name":"lga_code11","type":"String","title":"LGA Code","description":"LGA code, based on ASGS 2011.","isDimension":false},{"name":"lga_name11","type":"String","title":"LGA Name","description":"LGA name, based on ASGS 2011.","isDimension":false},{"name":"domestic_family_sexual_violence_rate_per_100k","type":"Double","title":"Domestic/Family/Sexual Violence Rate 2016-2018","description":"Domestic/Family/Sexual violence rate per 100,000 population 2016-2018.","isDimension":false},{"name":"feature_code","type":"java.lang.String","title":"Code of Geographic feature","stype":"Nominal","description":"","isDimension":false},{"name":"feature_name","type":"java.lang.String","title":"Name of Geographic feature","stype":"Nominal","description":"","isDimension":false},{"name":"the_geom","type":"com.vividsolutions.jts.geom.MultiPolygon","title":"Geometry","stype":"Nominal","description":"","isDimension":false}],"filter":null}