{"organisation":"VIC_Govt_CSA","name":"csa_family_violence_magstrts_court_afm_lga_jul2013_jun2018","title":"VIC CSA - Family Violence - Magistrates Court Number of Affected Family Members (LGA) July 2013-June 2018","legal":{"copyrightYear":"2018","attributionYear":"2018","attribution":"{datasource.organisationTitle}, ({dataset.attributionYear}): {dataset.title}; accessed from SUDO on {dateOfAccess}.","clickthrough":false,"licenceType":"Creative Commons Attribution 4.0 International (CC BY 4.0)","copyrightNotice":"&copy; {datasource.organisationTitle} {dataset.copyrightYear}"},"referenceSystemIdentifier":"urn:x-ogc:def:crs:EPSG:4283","geoLevel":"lga2011","key":"lga_code11","keyRegex":null,"availability":"true","geomField":"wkb_geometry","keyword":"population,authority,AFM","theme":null,"temporalExtent":{"beginDate":"2013-07-01T00:00:00","endDate":"2018-06-30T00:00:00","selectTime":false},"type":"dataset","_id":"dataset-VIC_Govt_CSA-csa_family_violence_magstrts_court_afm_lga_jul2013_jun2018-lga2011","bbox":[140.961681984,-39.136740055,149.976679008,-33.9804255865],"abstract":"This dataset presents the footprint of the number of Affected Family Members (AFMs) of Family Violence Intervention Order (FVIO) applications heard in the Victorian Magistrates' Court, retrieved from Courtlink. The data spans the financial years in the period of July 2013 to June 2018 and is aggregated to 2011 Australian Statistical Geography Standard (ASGS) Local Government Areas (LGA).<br/><br/>\n\nThe Victorian Family Violence Database is a repository for a range of different datasets relating to family violence clients and service use, extracted from the data holdings of a variety of government agencies.<br/><br/>\n\nFor further information about this dataset and related statistics, visit the data source:\n<a href=\"https://www.crimestatistics.vic.gov.au/family-violence-data-portal/explanatory-notes-definitions#Magistrates'%20and%20Children's%20Court%20(Courtlink)\" target=\"_blank\">Crime Statistics Australia</a>.<br/><br/>\n\nPlease note:\n<ul>\n<li>SUDO has spatially enabled the <a href=\"https://www.crimestatistics.vic.gov.au/family-violence-data-portal/family-violence-data-dashboard/magistrates-court\" target=\"_blank\">original data</a>.</li>\n<li>To avoid double counting individuals, demographic information of applicants/AFMs and respondents are of those on original applications.</li>\n<li>To maintain confidentiality, person-based counts with a value of 3 or less are given a value of 2 to calculate totals.</li>\n<li>Due to improvements made in data processing since the database release ending 30 June 2017, slight movement has occurred in numbers of AFMs and the number of applications outcomes.</li>\n<li>Data was extracted from Courtlink on 30 August 2018.</li>\n</ul>","selectedAttributes":[{"name":"lga_code11","type":"String","title":"LGA Code","description":"LGA code, based on ASGS 2011.","isDimension":false},{"name":"lga_name11","type":"String","title":"LGA Name","description":"LGA name, based on ASGS 2011.","isDimension":false},{"name":"number_affected_family_members_2013_14","type":"Integer","title":"Number of Affected Family Members 2013-2014","description":"Number of affected family members 2013-2014.","isDimension":false},{"name":"number_affected_family_members_2014_15","type":"Integer","title":"Number of Affected Family Members 2014-2015","description":"Number of affected family members 2014-2015.","isDimension":false},{"name":"number_affected_family_members_2015_16","type":"Integer","title":"Number of Affected Family Members 2015-2016","description":"Number of affected family members 2015-2016.","isDimension":false},{"name":"number_affected_family_members_2016_17","type":"Integer","title":"Number of Affected Family Members 2016-2017","description":"Number of affected family members 2016-2017.","isDimension":false},{"name":"number_affected_family_members_2017_18","type":"Integer","title":"Number of Affected Family Members 2017-2018","description":"Number of affected family members 2017-2018.","isDimension":false}],"filter":{"filterType":"tabular","feature":{"key":"lga_code11","geoLevel":"lga2011","geoField":"ignored","year":"2006","featureBbox":[96.81676569599999,-43.740509603,159.109219008,-9.142175977],"featureType":"country","featureInstance":"au","featureName":"Australia","referenceSystemIdentifier":"urn:x-ogc:def:crs:EPSG:4283","prefix":"","keyTransform":null},"states":[]}}