{"type":"FeatureCollection","bbox":[0.0,0.0,-1.0,-1.0],"features":[{"type":"Feature","properties":{"lga_name11":"Alpine (S)","number_affected_family_members_2014_15":51,"lga_code11":"20110","number_affected_family_members_2013_14":60,"number_affected_family_members_2016_17":84,"number_affected_family_members_2015_16":65,"number_affected_family_members_2017_18":56},"id":"csa_family_violence_magstrts_court_afm_lga_jul2013_jun2018.20110"},{"type":"Feature","properties":{"lga_name11":"Ararat (RC)","number_affected_family_members_2014_15":174,"lga_code11":"20260","number_affected_family_members_2013_14":129,"number_affected_family_members_2016_17":189,"number_affected_family_members_2015_16":191,"number_affected_family_members_2017_18":152},"id":"csa_family_violence_magstrts_court_afm_lga_jul2013_jun2018.20260"},{"type":"Feature","properties":{"lga_name11":"Ballarat (C)","number_affected_family_members_2014_15":1614,"lga_code11":"20570","number_affected_family_members_2013_14":1539,"number_affected_family_members_2016_17":1642,"number_affected_family_members_2015_16":1627,"number_affected_family_members_2017_18":1597},"id":"csa_family_violence_magstrts_court_afm_lga_jul2013_jun2018.20570"},{"type":"Feature","properties":{"lga_name11":"Banyule (C)","number_affected_family_members_2014_15":1092,"lga_code11":"20660","number_affected_family_members_2013_14":1049,"number_affected_family_members_2016_17":1040,"number_affected_family_members_2015_16":954,"number_affected_family_members_2017_18":1128},"id":"csa_family_violence_magstrts_court_afm_lga_jul2013_jun2018.20660"},{"type":"Feature","properties":{"lga_name11":"Bass Coast (S)","number_affected_family_members_2014_15":512,"lga_code11":"20740","number_affected_family_members_2013_14":477,"number_affected_family_members_2016_17":483,"number_affected_family_members_2015_16":543,"number_affected_family_members_2017_18":383},"id":"csa_family_violence_magstrts_court_afm_lga_jul2013_jun2018.20740"},{"type":"Feature","properties":{"lga_name11":"Baw Baw (S)","number_affected_family_members_2014_15":540,"lga_code11":"20830","number_affected_family_members_2013_14":424,"number_affected_family_members_2016_17":600,"number_affected_family_members_2015_16":543,"number_affected_family_members_2017_18":604},"id":"csa_family_violence_magstrts_court_afm_lga_jul2013_jun2018.20830"},{"type":"Feature","properties":{"lga_name11":"Bayside (C)","number_affected_family_members_2014_15":478,"lga_code11":"20910","number_affected_family_members_2013_14":468,"number_affected_family_members_2016_17":516,"number_affected_family_members_2015_16":401,"number_affected_family_members_2017_18":544},"id":"csa_family_violence_magstrts_court_afm_lga_jul2013_jun2018.20910"},{"type":"Feature","properties":{"lga_name11":"Benalla (RC)","number_affected_family_members_2014_15":106,"lga_code11":"21010","number_affected_family_members_2013_14":101,"number_affected_family_members_2016_17":163,"number_affected_family_members_2015_16":131,"number_affected_family_members_2017_18":123},"id":"csa_family_violence_magstrts_court_afm_lga_jul2013_jun2018.21010"},{"type":"Feature","properties":{"lga_name11":"Boroondara (C)","number_affected_family_members_2014_15":399,"lga_code11":"21110","number_affected_family_members_2013_14":414,"number_affected_family_members_2016_17":479,"number_affected_family_members_2015_16":488,"number_affected_family_members_2017_18":410},"id":"csa_family_violence_magstrts_court_afm_lga_jul2013_jun2018.21110"},{"type":"Feature","properties":{"lga_name11":"Brimbank (C)","number_affected_family_members_2014_15":2155,"lga_code11":"21180","number_affected_family_members_2013_14":1849,"number_affected_family_members_2016_17":1726,"number_affected_family_members_2015_16":1867,"number_affected_family_members_2017_18":1730},"id":"csa_family_violence_magstrts_court_afm_lga_jul2013_jun2018.21180"},{"type":"Feature","properties":{"lga_name11":"Buloke (S)","number_affected_family_members_2014_15":33,"lga_code11":"21270","number_affected_family_members_2013_14":58,"number_affected_family_members_2016_17":50,"number_affected_family_members_2015_16":40,"number_affected_family_members_2017_18":34},"id":"csa_family_violence_magstrts_court_afm_lga_jul2013_jun2018.21270"},{"type":"Feature","properties":{"lga_name11":"Campaspe (S)","number_affected_family_members_2014_15":489,"lga_code11":"21370","number_affected_family_members_2013_14":445,"number_affected_family_members_2016_17":467,"number_affected_family_members_2015_16":431,"number_affected_family_members_2017_18":444},"id":"csa_family_violence_magstrts_court_afm_lga_jul2013_jun2018.21370"},{"type":"Feature","properties":{"lga_name11":"Cardinia (S)","number_affected_family_members_2014_15":997,"lga_code11":"21450","number_affected_family_members_2013_14":959,"number_affected_family_members_2016_17":961,"number_affected_family_members_2015_16":1092,"number_affected_family_members_2017_18":933},"id":"csa_family_violence_magstrts_court_afm_lga_jul2013_jun2018.21450"},{"type":"Feature","properties":{"lga_name11":"Casey (C)","number_affected_family_members_2014_15":3039,"lga_code11":"21610","number_affected_family_members_2013_14":2746,"number_affected_family_members_2016_17":3373,"number_affected_family_members_2015_16":3153,"number_affected_family_members_2017_18":3131},"id":"csa_family_violence_magstrts_court_afm_lga_jul2013_jun2018.21610"},{"type":"Feature","properties":{"lga_name11":"Central Goldfields (S)","number_affected_family_members_2014_15":269,"lga_code11":"21670","number_affected_family_members_2013_14":203,"number_affected_family_members_2016_17":255,"number_affected_family_members_2015_16":277,"number_affected_family_members_2017_18":192},"id":"csa_family_violence_magstrts_court_afm_lga_jul2013_jun2018.21670"},{"type":"Feature","properties":{"lga_name11":"Colac-Otway (S)","number_affected_family_members_2014_15":207,"lga_code11":"21750","number_affected_family_members_2013_14":221,"number_affected_family_members_2016_17":253,"number_affected_family_members_2015_16":250,"number_affected_family_members_2017_18":272},"id":"csa_family_violence_magstrts_court_afm_lga_jul2013_jun2018.21750"},{"type":"Feature","properties":{"lga_name11":"Corangamite (S)","number_affected_family_members_2014_15":138,"lga_code11":"21830","number_affected_family_members_2013_14":178,"number_affected_family_members_2016_17":130,"number_affected_family_members_2015_16":190,"number_affected_family_members_2017_18":143},"id":"csa_family_violence_magstrts_court_afm_lga_jul2013_jun2018.21830"},{"type":"Feature","properties":{"lga_name11":"Darebin (C)","number_affected_family_members_2014_15":948,"lga_code11":"21890","number_affected_family_members_2013_14":1030,"number_affected_family_members_2016_17":924,"number_affected_family_members_2015_16":919,"number_affected_family_members_2017_18":777},"id":"csa_family_violence_magstrts_court_afm_lga_jul2013_jun2018.21890"},{"type":"Feature","properties":{"lga_name11":"East Gippsland (S)","number_affected_family_members_2014_15":871,"lga_code11":"22110","number_affected_family_members_2013_14":959,"number_affected_family_members_2016_17":818,"number_affected_family_members_2015_16":887,"number_affected_family_members_2017_18":1010},"id":"csa_family_violence_magstrts_court_afm_lga_jul2013_jun2018.22110"},{"type":"Feature","properties":{"lga_name11":"Frankston (C)","number_affected_family_members_2014_15":1940,"lga_code11":"22170","number_affected_family_members_2013_14":1783,"number_affected_family_members_2016_17":1480,"number_affected_family_members_2015_16":1807,"number_affected_family_members_2017_18":1266},"id":"csa_family_violence_magstrts_court_afm_lga_jul2013_jun2018.22170"},{"type":"Feature","properties":{"lga_name11":"Gannawarra (S)","number_affected_family_members_2014_15":118,"lga_code11":"22250","number_affected_family_members_2013_14":104,"number_affected_family_members_2016_17":127,"number_affected_family_members_2015_16":104,"number_affected_family_members_2017_18":117},"id":"csa_family_violence_magstrts_court_afm_lga_jul2013_jun2018.22250"},{"type":"Feature","properties":{"lga_name11":"Greater Shepparton (C)","number_affected_family_members_2014_15":942,"lga_code11":"22830","number_affected_family_members_2013_14":1093,"number_affected_family_members_2016_17":1067,"number_affected_family_members_2015_16":983,"number_affected_family_members_2017_18":1030},"id":"csa_family_violence_magstrts_court_afm_lga_jul2013_jun2018.22830"},{"type":"Feature","properties":{"lga_name11":"Hepburn (S)","number_affected_family_members_2014_15":110,"lga_code11":"22910","number_affected_family_members_2013_14":130,"number_affected_family_members_2016_17":132,"number_affected_family_members_2015_16":129,"number_affected_family_members_2017_18":143},"id":"csa_family_violence_magstrts_court_afm_lga_jul2013_jun2018.22910"},{"type":"Feature","properties":{"lga_name11":"Hindmarsh (S)","number_affected_family_members_2014_15":53,"lga_code11":"22980","number_affected_family_members_2013_14":35,"number_affected_family_members_2016_17":79,"number_affected_family_members_2015_16":71,"number_affected_family_members_2017_18":48},"id":"csa_family_violence_magstrts_court_afm_lga_jul2013_jun2018.22980"},{"type":"Feature","properties":{"lga_name11":"Hobsons Bay (C)","number_affected_family_members_2014_15":624,"lga_code11":"23110","number_affected_family_members_2013_14":556,"number_affected_family_members_2016_17":624,"number_affected_family_members_2015_16":710,"number_affected_family_members_2017_18":581},"id":"csa_family_violence_magstrts_court_afm_lga_jul2013_jun2018.23110"},{"type":"Feature","properties":{"lga_name11":"Horsham (RC)","number_affected_family_members_2014_15":437,"lga_code11":"23190","number_affected_family_members_2013_14":345,"number_affected_family_members_2016_17":298,"number_affected_family_members_2015_16":408,"number_affected_family_members_2017_18":341},"id":"csa_family_violence_magstrts_court_afm_lga_jul2013_jun2018.23190"},{"type":"Feature","properties":{"lga_name11":"Hume (C)","number_affected_family_members_2014_15":2934,"lga_code11":"23270","number_affected_family_members_2013_14":2845,"number_affected_family_members_2016_17":2846,"number_affected_family_members_2015_16":2895,"number_affected_family_members_2017_18":2894},"id":"csa_family_violence_magstrts_court_afm_lga_jul2013_jun2018.23270"},{"type":"Feature","properties":{"lga_name11":"Indigo (S)","number_affected_family_members_2014_15":99,"lga_code11":"23350","number_affected_family_members_2013_14":99,"number_affected_family_members_2016_17":69,"number_affected_family_members_2015_16":79,"number_affected_family_members_2017_18":66},"id":"csa_family_violence_magstrts_court_afm_lga_jul2013_jun2018.23350"},{"type":"Feature","properties":{"lga_name11":"Kingston (C)","number_affected_family_members_2014_15":759,"lga_code11":"23430","number_affected_family_members_2013_14":773,"number_affected_family_members_2016_17":799,"number_affected_family_members_2015_16":811,"number_affected_family_members_2017_18":779},"id":"csa_family_violence_magstrts_court_afm_lga_jul2013_jun2018.23430"},{"type":"Feature","properties":{"lga_name11":"Knox (C)","number_affected_family_members_2014_15":1051,"lga_code11":"23670","number_affected_family_members_2013_14":943,"number_affected_family_members_2016_17":1023,"number_affected_family_members_2015_16":1059,"number_affected_family_members_2017_18":944},"id":"csa_family_violence_magstrts_court_afm_lga_jul2013_jun2018.23670"},{"type":"Feature","properties":{"lga_name11":"Latrobe (C)","number_affected_family_members_2014_15":1943,"lga_code11":"23810","number_affected_family_members_2013_14":1700,"number_affected_family_members_2016_17":1967,"number_affected_family_members_2015_16":2291,"number_affected_family_members_2017_18":1957},"id":"csa_family_violence_magstrts_court_afm_lga_jul2013_jun2018.23810"},{"type":"Feature","properties":{"lga_name11":"Loddon (S)","number_affected_family_members_2014_15":58,"lga_code11":"23940","number_affected_family_members_2013_14":49,"number_affected_family_members_2016_17":48,"number_affected_family_members_2015_16":56,"number_affected_family_members_2017_18":62},"id":"csa_family_violence_magstrts_court_afm_lga_jul2013_jun2018.23940"},{"type":"Feature","properties":{"lga_name11":"Macedon Ranges (S)","number_affected_family_members_2014_15":297,"lga_code11":"24130","number_affected_family_members_2013_14":297,"number_affected_family_members_2016_17":325,"number_affected_family_members_2015_16":307,"number_affected_family_members_2017_18":274},"id":"csa_family_violence_magstrts_court_afm_lga_jul2013_jun2018.24130"},{"type":"Feature","properties":{"lga_name11":"Manningham (C)","number_affected_family_members_2014_15":450,"lga_code11":"24210","number_affected_family_members_2013_14":414,"number_affected_family_members_2016_17":493,"number_affected_family_members_2015_16":475,"number_affected_family_members_2017_18":471},"id":"csa_family_violence_magstrts_court_afm_lga_jul2013_jun2018.24210"},{"type":"Feature","properties":{"lga_name11":"Mansfield (S)","number_affected_family_members_2014_15":57,"lga_code11":"24250","number_affected_family_members_2013_14":58,"number_affected_family_members_2016_17":55,"number_affected_family_members_2015_16":78,"number_affected_family_members_2017_18":63},"id":"csa_family_violence_magstrts_court_afm_lga_jul2013_jun2018.24250"},{"type":"Feature","properties":{"lga_name11":"Maribyrnong (C)","number_affected_family_members_2014_15":463,"lga_code11":"24330","number_affected_family_members_2013_14":466,"number_affected_family_members_2016_17":387,"number_affected_family_members_2015_16":441,"number_affected_family_members_2017_18":377},"id":"csa_family_violence_magstrts_court_afm_lga_jul2013_jun2018.24330"},{"type":"Feature","properties":{"lga_name11":"Maroondah (C)","number_affected_family_members_2014_15":842,"lga_code11":"24410","number_affected_family_members_2013_14":772,"number_affected_family_members_2016_17":838,"number_affected_family_members_2015_16":916,"number_affected_family_members_2017_18":793},"id":"csa_family_violence_magstrts_court_afm_lga_jul2013_jun2018.24410"},{"type":"Feature","properties":{"lga_name11":"Melbourne (C)","number_affected_family_members_2014_15":1589,"lga_code11":"24600","number_affected_family_members_2013_14":938,"number_affected_family_members_2016_17":2685,"number_affected_family_members_2015_16":1522,"number_affected_family_members_2017_18":2989},"id":"csa_family_violence_magstrts_court_afm_lga_jul2013_jun2018.24600"},{"type":"Feature","properties":{"lga_name11":"Melton (S)","number_affected_family_members_2014_15":2413,"lga_code11":"24650","number_affected_family_members_2013_14":2101,"number_affected_family_members_2016_17":2260,"number_affected_family_members_2015_16":2269,"number_affected_family_members_2017_18":1948},"id":"csa_family_violence_magstrts_court_afm_lga_jul2013_jun2018.24650"},{"type":"Feature","properties":{"lga_name11":"Mildura (RC)","number_affected_family_members_2014_15":1107,"lga_code11":"24780","number_affected_family_members_2013_14":1041,"number_affected_family_members_2016_17":1208,"number_affected_family_members_2015_16":1135,"number_affected_family_members_2017_18":1064},"id":"csa_family_violence_magstrts_court_afm_lga_jul2013_jun2018.24780"},{"type":"Feature","properties":{"lga_name11":"Mitchell (S)","number_affected_family_members_2014_15":617,"lga_code11":"24850","number_affected_family_members_2013_14":606,"number_affected_family_members_2016_17":643,"number_affected_family_members_2015_16":685,"number_affected_family_members_2017_18":600},"id":"csa_family_violence_magstrts_court_afm_lga_jul2013_jun2018.24850"},{"type":"Feature","properties":{"lga_name11":"Moira (S)","number_affected_family_members_2014_15":273,"lga_code11":"24900","number_affected_family_members_2013_14":239,"number_affected_family_members_2016_17":353,"number_affected_family_members_2015_16":285,"number_affected_family_members_2017_18":330},"id":"csa_family_violence_magstrts_court_afm_lga_jul2013_jun2018.24900"},{"type":"Feature","properties":{"lga_name11":"Monash (C)","number_affected_family_members_2014_15":627,"lga_code11":"24970","number_affected_family_members_2013_14":599,"number_affected_family_members_2016_17":757,"number_affected_family_members_2015_16":636,"number_affected_family_members_2017_18":598},"id":"csa_family_violence_magstrts_court_afm_lga_jul2013_jun2018.24970"},{"type":"Feature","properties":{"lga_name11":"Moonee Valley (C)","number_affected_family_members_2014_15":607,"lga_code11":"25060","number_affected_family_members_2013_14":619,"number_affected_family_members_2016_17":594,"number_affected_family_members_2015_16":644,"number_affected_family_members_2017_18":581},"id":"csa_family_violence_magstrts_court_afm_lga_jul2013_jun2018.25060"},{"type":"Feature","properties":{"lga_name11":"Moorabool (S)","number_affected_family_members_2014_15":371,"lga_code11":"25150","number_affected_family_members_2013_14":310,"number_affected_family_members_2016_17":388,"number_affected_family_members_2015_16":363,"number_affected_family_members_2017_18":393},"id":"csa_family_violence_magstrts_court_afm_lga_jul2013_jun2018.25150"},{"type":"Feature","properties":{"lga_name11":"Moreland (C)","number_affected_family_members_2014_15":1049,"lga_code11":"25250","number_affected_family_members_2013_14":877,"number_affected_family_members_2016_17":998,"number_affected_family_members_2015_16":1108,"number_affected_family_members_2017_18":1043},"id":"csa_family_violence_magstrts_court_afm_lga_jul2013_jun2018.25250"},{"type":"Feature","properties":{"lga_name11":"Mornington Peninsula (S)","number_affected_family_members_2014_15":1473,"lga_code11":"25340","number_affected_family_members_2013_14":1446,"number_affected_family_members_2016_17":1256,"number_affected_family_members_2015_16":1441,"number_affected_family_members_2017_18":1157},"id":"csa_family_violence_magstrts_court_afm_lga_jul2013_jun2018.25340"},{"type":"Feature","properties":{"lga_name11":"Mount Alexander (S)","number_affected_family_members_2014_15":136,"lga_code11":"25430","number_affected_family_members_2013_14":140,"number_affected_family_members_2016_17":141,"number_affected_family_members_2015_16":154,"number_affected_family_members_2017_18":96},"id":"csa_family_violence_magstrts_court_afm_lga_jul2013_jun2018.25430"},{"type":"Feature","properties":{"lga_name11":"Moyne (S)","number_affected_family_members_2014_15":154,"lga_code11":"25490","number_affected_family_members_2013_14":162,"number_affected_family_members_2016_17":120,"number_affected_family_members_2015_16":128,"number_affected_family_members_2017_18":136},"id":"csa_family_violence_magstrts_court_afm_lga_jul2013_jun2018.25490"},{"type":"Feature","properties":{"lga_name11":"Murrindindi (S)","number_affected_family_members_2014_15":101,"lga_code11":"25620","number_affected_family_members_2013_14":59,"number_affected_family_members_2016_17":122,"number_affected_family_members_2015_16":86,"number_affected_family_members_2017_18":77},"id":"csa_family_violence_magstrts_court_afm_lga_jul2013_jun2018.25620"},{"type":"Feature","properties":{"lga_name11":"Nillumbik (S)","number_affected_family_members_2014_15":262,"lga_code11":"25710","number_affected_family_members_2013_14":229,"number_affected_family_members_2016_17":279,"number_affected_family_members_2015_16":257,"number_affected_family_members_2017_18":260},"id":"csa_family_violence_magstrts_court_afm_lga_jul2013_jun2018.25710"},{"type":"Feature","properties":{"lga_name11":"Northern Grampians (S)","number_affected_family_members_2014_15":145,"lga_code11":"25810","number_affected_family_members_2013_14":158,"number_affected_family_members_2016_17":171,"number_affected_family_members_2015_16":176,"number_affected_family_members_2017_18":132},"id":"csa_family_violence_magstrts_court_afm_lga_jul2013_jun2018.25810"},{"type":"Feature","properties":{"lga_name11":"Port Phillip (C)","number_affected_family_members_2014_15":448,"lga_code11":"25900","number_affected_family_members_2013_14":406,"number_affected_family_members_2016_17":442,"number_affected_family_members_2015_16":494,"number_affected_family_members_2017_18":410},"id":"csa_family_violence_magstrts_court_afm_lga_jul2013_jun2018.25900"},{"type":"Feature","properties":{"lga_name11":"Pyrenees (S)","number_affected_family_members_2014_15":43,"lga_code11":"25990","number_affected_family_members_2013_14":29,"number_affected_family_members_2016_17":48,"number_affected_family_members_2015_16":48,"number_affected_family_members_2017_18":48},"id":"csa_family_violence_magstrts_court_afm_lga_jul2013_jun2018.25990"},{"type":"Feature","properties":{"lga_name11":"Queenscliffe (B)","number_affected_family_members_2014_15":9,"lga_code11":"26080","number_affected_family_members_2013_14":5,"number_affected_family_members_2016_17":25,"number_affected_family_members_2015_16":8,"number_affected_family_members_2017_18":13},"id":"csa_family_violence_magstrts_court_afm_lga_jul2013_jun2018.26080"},{"type":"Feature","properties":{"lga_name11":"South Gippsland (S)","number_affected_family_members_2014_15":264,"lga_code11":"26170","number_affected_family_members_2013_14":238,"number_affected_family_members_2016_17":280,"number_affected_family_members_2015_16":296,"number_affected_family_members_2017_18":259},"id":"csa_family_violence_magstrts_court_afm_lga_jul2013_jun2018.26170"},{"type":"Feature","properties":{"lga_name11":"Southern Grampians (S)","number_affected_family_members_2014_15":164,"lga_code11":"26260","number_affected_family_members_2013_14":147,"number_affected_family_members_2016_17":207,"number_affected_family_members_2015_16":277,"number_affected_family_members_2017_18":210},"id":"csa_family_violence_magstrts_court_afm_lga_jul2013_jun2018.26260"},{"type":"Feature","properties":{"lga_name11":"Stonnington (C)","number_affected_family_members_2014_15":366,"lga_code11":"26350","number_affected_family_members_2013_14":327,"number_affected_family_members_2016_17":349,"number_affected_family_members_2015_16":309,"number_affected_family_members_2017_18":352},"id":"csa_family_violence_magstrts_court_afm_lga_jul2013_jun2018.26350"},{"type":"Feature","properties":{"lga_name11":"Strathbogie (S)","number_affected_family_members_2014_15":61,"lga_code11":"26430","number_affected_family_members_2013_14":58,"number_affected_family_members_2016_17":75,"number_affected_family_members_2015_16":69,"number_affected_family_members_2017_18":65},"id":"csa_family_violence_magstrts_court_afm_lga_jul2013_jun2018.26430"},{"type":"Feature","properties":{"lga_name11":"Surf Coast (S)","number_affected_family_members_2014_15":138,"lga_code11":"26490","number_affected_family_members_2013_14":145,"number_affected_family_members_2016_17":120,"number_affected_family_members_2015_16":148,"number_affected_family_members_2017_18":120},"id":"csa_family_violence_magstrts_court_afm_lga_jul2013_jun2018.26490"},{"type":"Feature","properties":{"lga_name11":"Swan Hill (RC)","number_affected_family_members_2014_15":496,"lga_code11":"26610","number_affected_family_members_2013_14":421,"number_affected_family_members_2016_17":392,"number_affected_family_members_2015_16":452,"number_affected_family_members_2017_18":428},"id":"csa_family_violence_magstrts_court_afm_lga_jul2013_jun2018.26610"},{"type":"Feature","properties":{"lga_name11":"Towong (S)","number_affected_family_members_2014_15":34,"lga_code11":"26670","number_affected_family_members_2013_14":35,"number_affected_family_members_2016_17":51,"number_affected_family_members_2015_16":35,"number_affected_family_members_2017_18":30},"id":"csa_family_violence_magstrts_court_afm_lga_jul2013_jun2018.26670"},{"type":"Feature","properties":{"lga_name11":"Wangaratta (RC)","number_affected_family_members_2014_15":315,"lga_code11":"26700","number_affected_family_members_2013_14":327,"number_affected_family_members_2016_17":361,"number_affected_family_members_2015_16":389,"number_affected_family_members_2017_18":336},"id":"csa_family_violence_magstrts_court_afm_lga_jul2013_jun2018.26700"},{"type":"Feature","properties":{"lga_name11":"Warrnambool (C)","number_affected_family_members_2014_15":584,"lga_code11":"26730","number_affected_family_members_2013_14":596,"number_affected_family_members_2016_17":560,"number_affected_family_members_2015_16":596,"number_affected_family_members_2017_18":599},"id":"csa_family_violence_magstrts_court_afm_lga_jul2013_jun2018.26730"},{"type":"Feature","properties":{"lga_name11":"Wellington (S)","number_affected_family_members_2014_15":630,"lga_code11":"26810","number_affected_family_members_2013_14":544,"number_affected_family_members_2016_17":538,"number_affected_family_members_2015_16":679,"number_affected_family_members_2017_18":528},"id":"csa_family_violence_magstrts_court_afm_lga_jul2013_jun2018.26810"},{"type":"Feature","properties":{"lga_name11":"West Wimmera (S)","number_affected_family_members_2014_15":19,"lga_code11":"26890","number_affected_family_members_2013_14":17,"number_affected_family_members_2016_17":29,"number_affected_family_members_2015_16":34,"number_affected_family_members_2017_18":35},"id":"csa_family_violence_magstrts_court_afm_lga_jul2013_jun2018.26890"},{"type":"Feature","properties":{"lga_name11":"Whitehorse (C)","number_affected_family_members_2014_15":627,"lga_code11":"26980","number_affected_family_members_2013_14":539,"number_affected_family_members_2016_17":590,"number_affected_family_members_2015_16":619,"number_affected_family_members_2017_18":514},"id":"csa_family_violence_magstrts_court_afm_lga_jul2013_jun2018.26980"},{"type":"Feature","properties":{"lga_name11":"Whittlesea (C)","number_affected_family_members_2014_15":2186,"lga_code11":"27070","number_affected_family_members_2013_14":2015,"number_affected_family_members_2016_17":2113,"number_affected_family_members_2015_16":1966,"number_affected_family_members_2017_18":2266},"id":"csa_family_violence_magstrts_court_afm_lga_jul2013_jun2018.27070"},{"type":"Feature","properties":{"lga_name11":"Wodonga (RC)","number_affected_family_members_2014_15":651,"lga_code11":"27170","number_affected_family_members_2013_14":612,"number_affected_family_members_2016_17":574,"number_affected_family_members_2015_16":579,"number_affected_family_members_2017_18":575},"id":"csa_family_violence_magstrts_court_afm_lga_jul2013_jun2018.27170"},{"type":"Feature","properties":{"lga_name11":"Wyndham (C)","number_affected_family_members_2014_15":2320,"lga_code11":"27260","number_affected_family_members_2013_14":2097,"number_affected_family_members_2016_17":2643,"number_affected_family_members_2015_16":2721,"number_affected_family_members_2017_18":2436},"id":"csa_family_violence_magstrts_court_afm_lga_jul2013_jun2018.27260"},{"type":"Feature","properties":{"lga_name11":"Yarra (C)","number_affected_family_members_2014_15":499,"lga_code11":"27350","number_affected_family_members_2013_14":408,"number_affected_family_members_2016_17":544,"number_affected_family_members_2015_16":585,"number_affected_family_members_2017_18":515},"id":"csa_family_violence_magstrts_court_afm_lga_jul2013_jun2018.27350"},{"type":"Feature","properties":{"lga_name11":"Yarra Ranges (S)","number_affected_family_members_2014_15":917,"lga_code11":"27450","number_affected_family_members_2013_14":903,"number_affected_family_members_2016_17":1048,"number_affected_family_members_2015_16":1180,"number_affected_family_members_2017_18":986},"id":"csa_family_violence_magstrts_court_afm_lga_jul2013_jun2018.27450"},{"type":"Feature","properties":{"lga_name11":"Yarriambiack (S)","number_affected_family_members_2014_15":102,"lga_code11":"27630","number_affected_family_members_2013_14":109,"number_affected_family_members_2016_17":80,"number_affected_family_members_2015_16":99,"number_affected_family_members_2017_18":96},"id":"csa_family_violence_magstrts_court_afm_lga_jul2013_jun2018.27630"},{"type":"Feature","properties":{"lga_name11":"Glen Eira (C)","number_affected_family_members_2014_15":415,"lga_code11":"22310","number_affected_family_members_2013_14":530,"number_affected_family_members_2016_17":614,"number_affected_family_members_2015_16":514,"number_affected_family_members_2017_18":444},"id":"csa_family_violence_magstrts_court_afm_lga_jul2013_jun2018.22310"},{"type":"Feature","properties":{"lga_name11":"Glenelg (S)","number_affected_family_members_2014_15":285,"lga_code11":"22410","number_affected_family_members_2013_14":224,"number_affected_family_members_2016_17":288,"number_affected_family_members_2015_16":276,"number_affected_family_members_2017_18":242},"id":"csa_family_violence_magstrts_court_afm_lga_jul2013_jun2018.22410"},{"type":"Feature","properties":{"lga_name11":"Golden Plains (S)","number_affected_family_members_2014_15":120,"lga_code11":"22490","number_affected_family_members_2013_14":115,"number_affected_family_members_2016_17":180,"number_affected_family_members_2015_16":144,"number_affected_family_members_2017_18":174},"id":"csa_family_violence_magstrts_court_afm_lga_jul2013_jun2018.22490"},{"type":"Feature","properties":{"lga_name11":"Greater Bendigo (C)","number_affected_family_members_2014_15":1561,"lga_code11":"22620","number_affected_family_members_2013_14":1569,"number_affected_family_members_2016_17":1466,"number_affected_family_members_2015_16":1508,"number_affected_family_members_2017_18":1445},"id":"csa_family_violence_magstrts_court_afm_lga_jul2013_jun2018.22620"},{"type":"Feature","properties":{"lga_name11":"Greater Dandenong (C)","number_affected_family_members_2014_15":1919,"lga_code11":"22670","number_affected_family_members_2013_14":1748,"number_affected_family_members_2016_17":2336,"number_affected_family_members_2015_16":2174,"number_affected_family_members_2017_18":2292},"id":"csa_family_violence_magstrts_court_afm_lga_jul2013_jun2018.22670"},{"type":"Feature","properties":{"lga_name11":"Greater Geelong (C)","number_affected_family_members_2014_15":2734,"lga_code11":"22750","number_affected_family_members_2013_14":2480,"number_affected_family_members_2016_17":2810,"number_affected_family_members_2015_16":2639,"number_affected_family_members_2017_18":2866},"id":"csa_family_violence_magstrts_court_afm_lga_jul2013_jun2018.22750"}]}